,title,url
0,「Black Lives Matter」、政治や選挙への影響は,https://news.google.com/articles/CBMiK2h0dHBzOi8vd3d3LmJiYy5jb20vamFwYW5lc2UvdmlkZW8tNTQ0MzMxOTHSAS9odHRwczovL3d3dy5iYmMuY29tL2phcGFuZXNlL3ZpZGVvLTU0NDMzMTkxLmFtcA?hl=ja&gl=JP&ceid=JP%3Aja
1,Black Lives Matterが意味するもの｜アメリカ大統領選挙2020｜NHK NEWS WEB,https://news.google.com/articles/CBMiYmh0dHBzOi8vd3d3My5uaGsub3IuanAvbmV3cy9zcGVjaWFsL3ByZXNpZGVudGlhbC1lbGVjdGlvbl8yMDIwL2RlbW9uc3RyYXRpb24vZGVtb25zdHJhdGlvbl8wMS5odG1s0gEA?hl=ja&gl=JP&ceid=JP%3Aja
2,米国のBlack Lives Matterを受けて考える日本の問題,https://news.google.com/articles/CBMiLWh0dHBzOi8vd3d3Lmhydy5vcmcvamEvbmV3cy8yMDIwLzA2LzI3LzM3NTY0MNIBAA?hl=ja&gl=JP&ceid=JP%3Aja
3,日本の人種差別問題、「Black Lives Matter」で浮き彫りに,https://news.google.com/articles/CBMiO2h0dHBzOi8vd3d3LmJiYy5jb20vamFwYW5lc2UvZmVhdHVyZXMtYW5kLWFuYWx5c2lzLTUzOTQyMzUy0gE_aHR0cHM6Ly93d3cuYmJjLmNvbS9qYXBhbmVzZS9mZWF0dXJlcy1hbmQtYW5hbHlzaXMtNTM5NDIzNTIuYW1w?hl=ja&gl=JP&ceid=JP%3Aja
4,Opinion：ブランドが「Black Lives Matter」と言うことに何の意味があるのか？,https://news.google.com/articles/CBMiM2h0dHBzOi8vanAuZ2FtZXNpbmR1c3RyeS5iaXovYXJ0aWNsZS8yMDA2LzIwMDYwNTAzL9IBAA?hl=ja&gl=JP&ceid=JP%3Aja
5,BLM運動＝「全ての命が大事」ではない 日本に伝わらない複雑さ,https://news.google.com/articles/CBMiPGh0dHBzOi8vd3d3Lm5ld3N3ZWVramFwYW4uanAvc3Rvcmllcy93b3JsZC8yMDIwLzA2L2JsbS0zLnBocNIBQGh0dHBzOi8vd3d3Lm5ld3N3ZWVramFwYW4uanAvYW1wL3N0b3JpZXMvd29ybGQvMjAyMC8wNi9ibG0tMy5waHA?hl=ja&gl=JP&ceid=JP%3Aja
6,これは人種を超えた、世界の問題。知らないでは済まされない「Black Lives Matter」について。,https://news.google.com/articles/CBMiSmh0dHBzOi8vdm9ndWVnaXJsLmpwL2xpZmVzdHlsZS9jdWx0dXJlLzIwMjAwNjA5L2JsYWNrLWxpdmVzLW1hdHRlci0yMDIwMDYv0gEA?hl=ja&gl=JP&ceid=JP%3Aja
7,PR戦略と行動指針が問われる、「Black Lives Matter」と企業の責任,https://news.google.com/articles/CBMiLWh0dHBzOi8vZm9yYmVzamFwYW4uY29tL2FydGljbGVzL2RldGFpbC8zNTUzN9IBIWh0dHBzOi8vZm9yYmVzamFwYW4uY29tL2FtcC8zNTUzNw?hl=ja&gl=JP&ceid=JP%3Aja
8,人種を超えた、世界の問題「Black Lives Matter」 今、起こっていることを解説（VOGUE GIRL）,https://news.google.com/articles/CBMiSmh0dHBzOi8vbmV3cy55YWhvby5jby5qcC9hcnRpY2xlcy9jNjQ4MjYyNzFiODNiOGFjY2VjMzY0YjQ4ODBjNDllZmQ0MzNjY2Rj0gEA?hl=ja&gl=JP&ceid=JP%3Aja
9,Black Lives Matterのデモは世界をどう変えた？,https://news.google.com/articles/CBMijAFodHRwczovL3d3dy5oYXJwZXJzYmF6YWFyLmNvbS9qcC9saWZlc3R5bGUvZGFpbHktbGlmZS9hMzMxMjkyODcvYmxhY2stbGl2ZXMtbWF0dGVyLXByb3Rlc3RzLWFjaGlldmVtZW50cy1zdGF0dWVzLXBvbGljZS1yZWZvcm0tMjAwNzA0LWxpZnQxL9IBjgFodHRwczovL3d3dy5oYXJwZXJzYmF6YWFyLmNvbS9qcC9saWZlc3R5bGUvZGFpbHktbGlmZS9hbXAzMzEyOTI4Ny9ibGFjay1saXZlcy1tYXR0ZXItcHJvdGVzdHMtYWNoaWV2ZW1lbnRzLXN0YXR1ZXMtcG9saWNlLXJlZm9ybS0yMDA3MDQtbGlmdDEv?hl=ja&gl=JP&ceid=JP%3Aja
10,黒人差別反対運動のスローガン「Black Lives Matter」どう訳す？ 偏見と向き合うきっかけに,https://news.google.com/articles/CBMiKGh0dHBzOi8vd3d3LnRva3lvLW5wLmNvLmpwL2FydGljbGUvNDM2OTDSASxodHRwczovL3d3dy50b2t5by1ucC5jby5qcC9hbXAvYXJ0aWNsZS80MzY5MA?hl=ja&gl=JP&ceid=JP%3Aja
11,"アメリカの若い世代は今、""Black Lives Matter運動""をどう考えているのか？ 3万9000人を調査してみた",https://news.google.com/articles/CAIiEOvlBIvf5bo49OBaptvrW00qGQgEKhAIACoHCAow6_-DCzCroIADMLWLhgY?hl=ja&gl=JP&ceid=JP%3Aja
12,Black Lives Matter運動、創始者に聞く女性の力,https://news.google.com/articles/CBMiNWh0dHBzOi8vbmF0Z2VvLm5pa2tlaWJwLmNvLmpwL2F0Y2wvbmV3cy8yMC8wNzEzMDA0MTUv0gEA?hl=ja&gl=JP&ceid=JP%3Aja
13,トランプタワー前の道路に「Black Lives Matter」とペンキで,https://news.google.com/articles/CBMiK2h0dHBzOi8vd3d3LmJiYy5jb20vamFwYW5lc2UvdmlkZW8tNTMzNTg2NTnSAS9odHRwczovL3d3dy5iYmMuY29tL2phcGFuZXNlL3ZpZGVvLTUzMzU4NjU5LmFtcA?hl=ja&gl=JP&ceid=JP%3Aja
14,有名黒人指導者の娘たちが語る 「Black Lives Matter」,https://news.google.com/articles/CBMiK2h0dHBzOi8vd3d3LmJiYy5jb20vamFwYW5lc2UvdmlkZW8tNTM5ODE5NTXSAS9odHRwczovL3d3dy5iYmMuY29tL2phcGFuZXNlL3ZpZGVvLTUzOTgxOTU1LmFtcA?hl=ja&gl=JP&ceid=JP%3Aja
15,コロナ禍なのにではなく、コロナ禍だからBlack Lives Matter運動は広がった,https://news.google.com/articles/CBMiSWh0dHBzOi8vd3d3Lm5ld3N3ZWVramFwYW4uanAvc3Rvcmllcy93b3JsZC8yMDIwLzA3L2JsYWNrLWxpdmVzLW1hdHRlci5waHDSAU1odHRwczovL3d3dy5uZXdzd2Vla2phcGFuLmpwL2FtcC9zdG9yaWVzL3dvcmxkLzIwMjAvMDcvYmxhY2stbGl2ZXMtbWF0dGVyLnBocA?hl=ja&gl=JP&ceid=JP%3Aja
16,「Black Lives Matter 2020」：繰り返される人種問題と抗議運動、ミュージシャンの反応,https://news.google.com/articles/CBMiPWh0dHBzOi8vd3d3LnVkaXNjb3Zlcm11c2ljLmpwL2NvbHVtbnMvYmxhY2stbGl2ZXMtbWF0dGVyLTIwMjDSAUFodHRwczovL3d3dy51ZGlzY292ZXJtdXNpYy5qcC9jb2x1bW5zL2JsYWNrLWxpdmVzLW1hdHRlci0yMDIwL2FtcA?hl=ja&gl=JP&ceid=JP%3Aja
17,【#BlackLivesMatter】米国のフロイドさん事件をほうふつとさせる 英国人男性の死（小林恭子） - Yahoo!ニュース,https://news.google.com/articles/CBMiQWh0dHBzOi8vbmV3cy55YWhvby5jby5qcC9ieWxpbmUva29iYXlhc2hpZ2lua28vMjAyMDA3MTMtMDAxODc5Mzkv0gEA?hl=ja&gl=JP&ceid=JP%3Aja
18,黒人の命「は」か「も」か BLM、難しい訳語 少女のメッセージに見る複雑さ（南龍太） - Yahoo!ニュース,https://news.google.com/articles/CBMiPmh0dHBzOi8vbmV3cy55YWhvby5jby5qcC9ieWxpbmUvbWluYW1pcnl1dGEvMjAyMDA2MjMtMDAxODQ0ODkv0gEA?hl=ja&gl=JP&ceid=JP%3Aja
19,Black Lives Matterで行動する米企業。黒人雇用やキャリア支援を発表。社会問題に鈍感な企業は生き残れない,https://news.google.com/articles/CAIiELBOIPBzLqzfdofnHy48NIUqGQgEKhAIACoHCAow6_-DCzCroIADMLWLhgY?hl=ja&gl=JP&ceid=JP%3Aja
20,ミレニアルやZ世代は#BlackLivesMatterをどう受け止めた：朝日新聞GLOBE＋,https://news.google.com/articles/CAIiEOqGTXoTPR8I6d1ltthImnsqGQgEKhAIACoHCAow05OVCzC88qoDMOSvxQY?hl=ja&gl=JP&ceid=JP%3Aja
21,「Black Lives Matter」 定まらぬ日本語訳 黒人差別問題に関心を - 毎日新聞,https://news.google.com/articles/CBMiOWh0dHBzOi8vbWFpbmljaGkuanAvYXJ0aWNsZXMvMjAyMDA3MjYvazAwLzAwbS8wMzAvMDAxMDAwY9IBPWh0dHBzOi8vbWFpbmljaGkuanAvYXJ0aWNsZXMvMjAyMDA3MjYvazAwLzAwbS8wMzAvMDAxMDAwYy5hbXA?hl=ja&gl=JP&ceid=JP%3Aja
22,「Black Lives Matter」の訳は「黒人の命をなめるな」がふさわしい（上）,https://news.google.com/articles/CAIiEG_bOSlLabetCXwGvv1kjjkqGQgEKhAIACoHCAowgO-NCzDJoaADMJi5uQM?hl=ja&gl=JP&ceid=JP%3Aja
23,「ブラック・ライブズ・マター(BLM)」運動から100日あまり。定まらぬ日本語訳の背景（ハフポスト日本版）,https://news.google.com/articles/CBMiSmh0dHBzOi8vbmV3cy55YWhvby5jby5qcC9hcnRpY2xlcy9mOTJjYjlkZmQ1MTVkNjA3M2NjMWVlMjE3ZGQ5MmZlY2E5NDRiOWQ10gEA?hl=ja&gl=JP&ceid=JP%3Aja
24,人種間でギャップも？ Black Lives Matterの抗議活動で今、労働者が気にかけていること —— 最新調査,https://news.google.com/articles/CAIiEHqqVxxKuDWBprygE5S6OwcqGQgEKhAIACoHCAow6_-DCzCroIADMLWLhgY?hl=ja&gl=JP&ceid=JP%3Aja
25,ＢＬＡＣＫ ＬＩＶＥＳ ＭＡＴＴＥＲ（ブラック・ライヴズ・マター） 黒人たちの叛乱は何を問うのか,https://news.google.com/articles/CBMiKGh0dHBzOi8vd3d3LnRva3lvLW5wLmNvLmpwL2FydGljbGUvNTkzNzTSASxodHRwczovL3d3dy50b2t5by1ucC5jby5qcC9hbXAvYXJ0aWNsZS81OTM3NA?hl=ja&gl=JP&ceid=JP%3Aja
26,2020年の人種差別：その核心－「Black Lives Matter」運動が盛り上がりを見せた今、考えたいこと（ハーパーズ バザー・オンライン）,https://news.google.com/articles/CBMiSmh0dHBzOi8vbmV3cy55YWhvby5jby5qcC9hcnRpY2xlcy9lZTZjZWI4YWE0ODllZWU5YTg5NTFlN2I0NGQ4NGYxNDMzYmRjYjFl0gEA?hl=ja&gl=JP&ceid=JP%3Aja
27,#BLMを表明する米IT企業トップたち,https://news.google.com/articles/CBMiPGh0dHBzOi8vd3d3Lml0bWVkaWEuY28uanAvbmV3cy9hcnRpY2xlcy8yMDA2LzA1L25ld3MwNjEuaHRtbNIBAA?hl=ja&gl=JP&ceid=JP%3Aja
28,【#BlackLivesMatter】英歴史学者が「いまいましい黒人」発言で失職、本の出版も中止へ（小林恭子） - Yahoo!ニュース,https://news.google.com/articles/CBMiQWh0dHBzOi8vbmV3cy55YWhvby5jby5qcC9ieWxpbmUva29iYXlhc2hpZ2lua28vMjAyMDA3MDQtMDAxODY1NjIv0gEA?hl=ja&gl=JP&ceid=JP%3Aja
29,日本人学生アスリートが実際にBlack Lives Matter問題に取り組んで感じたこと。,https://news.google.com/articles/CBMiT2h0dHBzOi8vd3d3Lm5ld3N3ZWVramFwYW4uanAvd29ybGR2b2ljZS9rdXJvc2FraS8yMDIwLzEwL2JsYWNrLWxpdmVzLW1hdHRlci5waHDSAQA?hl=ja&gl=JP&ceid=JP%3Aja
30,black lives matterの小さな声──トレイヴォン・マーティン君射殺事件【ブラック・ライヴズ・マターを考える vol.1】,https://news.google.com/articles/CAIiEJtx8run2P37xwAVtYhxfpgqGQgEKhAIACoHCAowwsLeCjCjidYBMNfMoAM?hl=ja&gl=JP&ceid=JP%3Aja
31,ホワイトハウス前にBlack Lives Matterの巨大文字が出現,https://news.google.com/articles/CBMi9wFodHRwczovL3d3dy50aW1lb3V0LmpwL3Rva3lvL2phLyVFMyU4MyU4QiVFMyU4MyVBNSVFMyU4MyVCQyVFMyU4MiVCOS8lRTMlODMlOUIlRTMlODMlQUYlRTMlODIlQTQlRTMlODMlODglRTMlODMlOEYlRTMlODIlQTYlRTMlODIlQjklRTUlODklOEQlRTMlODElQUJibGFjay1saXZlcy1tYXR0ZXIlRTMlODElQUUlRTUlQjclQTglRTUlQTQlQTclRTYlOTYlODclRTUlQUQlOTclRTMlODElOEMlRTUlODclQkElRTclOEYlQkUtMDYwODIw0gEA?hl=ja&gl=JP&ceid=JP%3Aja
32,差別が呼ぶ悲劇に声を上げたアート界：これは「アメリカの黒人差別」という限定的な問題なのか,https://news.google.com/articles/CBMiP2h0dHBzOi8vd3d3LnRva3lvYXJ0YmVhdC5jb20vdGFibG9nL2VudHJpZXMuamEvMjAyMC8wNi9ibG0uaHRtbNIBAA?hl=ja&gl=JP&ceid=JP%3Aja
33,Black Lives Matterが突き付ける歴史問題の深淵「英国の歴史教育はとても許容できない」（木村正人） - Yahoo!ニュース,https://news.google.com/articles/CBMiP2h0dHBzOi8vbmV3cy55YWhvby5jby5qcC9ieWxpbmUva2ltdXJhbWFzYXRvLzIwMjAwNzA4LTAwMTg3MDg3L9IBAA?hl=ja&gl=JP&ceid=JP%3Aja
34,私たちが日本でBlack Lives Matterを訴える理由。東京で3500人がデモ行進,https://news.google.com/articles/CAIiEIVaAjLEm5KfYLcoqYIqBtkqGQgEKhAIACoHCAowkJuJCzCNvYgDMOCAoAY?hl=ja&gl=JP&ceid=JP%3Aja
35,米スタバ、従業員に「Black Lives Matter」Tシャツ着用を禁止,https://news.google.com/articles/CBMiLWh0dHBzOi8vZm9yYmVzamFwYW4uY29tL2FydGljbGVzL2RldGFpbC8zNTE1M9IBIWh0dHBzOi8vZm9yYmVzamFwYW4uY29tL2FtcC8zNTE1Mw?hl=ja&gl=JP&ceid=JP%3Aja
36,日本人も「ブラック・ライヴズ・マター」と無縁じゃない！ 音楽や映画から知る、その理由（前編）（川崎大助） - Yahoo!ニュース,https://news.google.com/articles/CBMiQmh0dHBzOi8vbmV3cy55YWhvby5jby5qcC9ieWxpbmUvZGFpc3VrZWthd2FzYWtpLzIwMjAwNjA3LTAwMTgyMTczL9IBAA?hl=ja&gl=JP&ceid=JP%3Aja
37,「黒人の命は大事」、ホワイトハウス前に巨大ペイント 米ワシントン,https://news.google.com/articles/CBMiJWh0dHBzOi8vd3d3LmJiYy5jb20vamFwYW5lc2UvNTI5NDYwMTLSASlodHRwczovL3d3dy5iYmMuY29tL2phcGFuZXNlLzUyOTQ2MDEyLmFtcA?hl=ja&gl=JP&ceid=JP%3Aja
38,差別の歴史が交差する街で Black Lives Matter の声をあげる,https://news.google.com/articles/CAIiEPkVoMOxy9oiPT-miuod1ZkqGQgEKhAIACoHCAowgO-NCzDJoaADMLrNqQY?hl=ja&gl=JP&ceid=JP%3Aja
39,歴史の転換点となったBlack Lives Matter、創始者が語る「人種差別抗議」の真意 | Rolling Stone Japan(ローリングストーン ジャパン）,https://news.google.com/articles/CBMiM2h0dHBzOi8vcm9sbGluZ3N0b25lamFwYW4uY29tL2FydGljbGVzL2RldGFpbC8zNDUzNtIBAA?hl=ja&gl=JP&ceid=JP%3Aja
40,"Frank Vrancken Peeters, CEOからのメッセージ -「Black Lives Matter」のポータルサイトを公開 | Nature Research",https://news.google.com/articles/CBMiQGh0dHBzOi8vd3d3Lm5hdHVyZWFzaWEuY29tL2phLWpwL2luZm8vcHJlc3MtcmVsZWFzZXMvZGV0YWlsLzg3OTTSAQA?hl=ja&gl=JP&ceid=JP%3Aja
41,日本人が知らない、アメリカ黒人社会がいま望んでいること,https://news.google.com/articles/CBMiQWh0dHBzOi8vd3d3Lm5ld3N3ZWVramFwYW4uanAvc3Rvcmllcy93b3JsZC8yMDIwLzA3L3Bvc3QtOTM5NzEucGhw0gFFaHR0cHM6Ly93d3cubmV3c3dlZWtqYXBhbi5qcC9hbXAvc3Rvcmllcy93b3JsZC8yMDIwLzA3L3Bvc3QtOTM5NzEucGhw?hl=ja&gl=JP&ceid=JP%3Aja
42,Black Lives Matter、日本人が知らないデモ拡大の4つの要因,https://news.google.com/articles/CBMiN2h0dHBzOi8vd3d3Lm5ld3N3ZWVramFwYW4uanAvcGFra3VuLzIwMjAvMDYvcG9zdC01Ni5waHDSATtodHRwczovL3d3dy5uZXdzd2Vla2phcGFuLmpwL2FtcC9wYWtrdW4vMjAyMC8wNi9wb3N0LTU2LnBocA?hl=ja&gl=JP&ceid=JP%3Aja
43,Black Lives Matterの言葉は「憎しみの象徴」。トランプ大統領が投稿,https://news.google.com/articles/CAIiEJLockSboRvIp9HkY5iXHikqGQgEKhAIACoHCAowkJuJCzCNvYgDMKzgnwY?hl=ja&gl=JP&ceid=JP%3Aja
44,MeTooやBlack Lives Matterで重要な役割を果たしたのに…… フェイスブックは｢功績を認められていない｣とサンドバーグCOOが発言か,https://news.google.com/articles/CAIiEGElmP2deI3CF4eiuaTGfz4qGQgEKhAIACoHCAow6_-DCzCroIADMLWLhgY?hl=ja&gl=JP&ceid=JP%3Aja
45,NBAが「Black Lives Matter」運動を支援へ コート上にスローガンをペイントすることを計画 | NBA Rakuten,https://news.google.com/articles/CAIiELx7Yz4e9SAAAVsJYeZxiCAqMwgEKioIACIQo4E-WAmRhosVRBPgCJfagSoUCAoiEKOBPlgJkYaLFUQT4AiX2oEwouTNBg?hl=ja&gl=JP&ceid=JP%3Aja
46,映画が描いてきた「Black Lives Matter」の深層（FRIDAY）,https://news.google.com/articles/CBMiSmh0dHBzOi8vbmV3cy55YWhvby5jby5qcC9hcnRpY2xlcy8zZjlmNWM1NWE1NjUwOWEzNDMzNTA3MDNmYTAzMzNjMzE4ZmM0NDhh0gEA?hl=ja&gl=JP&ceid=JP%3Aja
47,BLACK LIVES MATTER PEACEFUL MARCH 人種差別反対行動＠大阪,https://news.google.com/articles/CBMiKWh0dHBzOi8vaXdqLmNvLmpwL3dqL29wZW4vYXJjaGl2ZXMvNDc1OTc30gEA?hl=ja&gl=JP&ceid=JP%3Aja
48,Googleマップ「Black Lives Matter Plaza」を即反映 Appleマップは衛星写真も,https://news.google.com/articles/CBMiPGh0dHBzOi8vd3d3Lml0bWVkaWEuY28uanAvbmV3cy9hcnRpY2xlcy8yMDA2LzA5L25ld3MxMDMuaHRtbNIBAA?hl=ja&gl=JP&ceid=JP%3Aja
49,Black Lives Matterとコロナ禍がアメリカにもたらしているものとは？声をあげるセレブリティや企業の動向まとめ（Movie Walker）,https://news.google.com/articles/CBMiSmh0dHBzOi8vbmV3cy55YWhvby5jby5qcC9hcnRpY2xlcy80ZDgwYTZlZjEyZDliNTk5Mzg4ODZkNDE3YWUyMjYxZmE2YTNjYTI10gEA?hl=ja&gl=JP&ceid=JP%3Aja
50,米国スポーツから“Black Lives Matter”を考える｜世界スポーツ見聞録（Tarzan Web）,https://news.google.com/articles/CBMiSmh0dHBzOi8vbmV3cy55YWhvby5jby5qcC9hcnRpY2xlcy83NzQyMmRjNzBiNTdkNjc5N2Q4YWRlZGFjZWQ0OTliMGExMjRmYTJk0gEA?hl=ja&gl=JP&ceid=JP%3Aja
51,『Black Lives Matter』は世界を変えられるか、悲嘆のレブロン・ジェームズ「僕たちのコミュニティは最悪だ」（バスケット・カウント）,https://news.google.com/articles/CBMiSmh0dHBzOi8vbmV3cy55YWhvby5jby5qcC9hcnRpY2xlcy9lOWM3YTVmZDRiYWY5ODQ1YjQ5NjNkMzUwMzAxM2NmNjVlYTIzYWY40gEA?hl=ja&gl=JP&ceid=JP%3Aja
52,日本の写真家たちが「Black Lives Matter」運動に賛同！ プリントを買って、反人種差別活動を支援する。,https://news.google.com/articles/CBMiUGh0dHBzOi8vd3d3LnBlbi1vbmxpbmUuanAvbmV3cy9hcnQvamFwYW5lc2UtcGhvdG9ncmFwaGVycy00LWJsYWNrLWxpdmVzLW1hdHRlcnMv0gEA?hl=ja&gl=JP&ceid=JP%3Aja
53,ラッパー・Awichが主宰！Black Lives Matterチャリティー・エキシビションが開催,https://news.google.com/articles/CBMiQGh0dHBzOi8vd3d3LmdxamFwYW4uanAvY3VsdHVyZS9hcnRpY2xlLzIwMjAwOTI0LWF3aWNoLXVuaXR5LW5ld3PSAURodHRwczovL3d3dy5ncWphcGFuLmpwL2N1bHR1cmUvYXJ0aWNsZS8yMDIwMDkyNC1hd2ljaC11bml0eS1uZXdzP2FtcA?hl=ja&gl=JP&ceid=JP%3Aja
54,空から見る #BlackLivesMatter の文字、米国で最も印象的なロードアート,https://news.google.com/articles/CBMicmh0dHBzOi8vd3d3LmVzcXVpcmUuY29tL2pwL25ld3MvYTMyOTUzMDg3L2JsYWNrbGl2ZXNtYXR0ZXItc2VlLXRoZS1tb3N0LWltcHJlc3NpdmUtbXVyYWxzLWZyb20tYWVyaWFsLXBob3RvZ3JhcGh5L9IBAA?hl=ja&gl=JP&ceid=JP%3Aja
55,「#明日は我が身の自分ごと」 米国の #BlackLivesMatter をどう見ているか？（松村太郎） - Yahoo!ニュース,https://news.google.com/articles/CBMiQGh0dHBzOi8vbmV3cy55YWhvby5jby5qcC9ieWxpbmUvdGFyb21hdHN1bXVyYS8yMDIwMDUzMS0wMDE4MTI2Ny_SAQA?hl=ja&gl=JP&ceid=JP%3Aja
56,「ブラック・ライブズ・マター(BLM)」は日本語で何と訳す？ “正解”求めず、翻訳し続けるということ,https://news.google.com/articles/CAIiEFnyhvRCLlNZXLYpvB5FQIQqGQgEKhAIACoHCAowkJuJCzCNvYgDMOCAoAY?hl=ja&gl=JP&ceid=JP%3Aja
57,BTS、Black Lives Matter運動への連帯を表明 | Daily News,https://news.google.com/articles/CBMiMmh0dHA6Ly93d3cuYmlsbGJvYXJkLWphcGFuLmNvbS9kX25ld3MvZGV0YWlsLzg4NzQ20gEA?hl=ja&gl=JP&ceid=JP%3Aja
58,特集ワイド：Ｂｌａｃｋ Ｌｉｖｅｓ Ｍａｔｔｅｒ 「黒人の命は大事だ」 漫画家・星野ルネさん,https://news.google.com/articles/CBMiOWh0dHBzOi8vbWFpbmljaGkuanAvYXJ0aWNsZXMvMjAyMDA4MDcvZGRlLzAxMi8wNDAvMDIyMDAwY9IBAA?hl=ja&gl=JP&ceid=JP%3Aja
59,PALACE SKATEBOARDSが「Black Lives Matter」などに向けた100万ドルの寄付を発表,https://news.google.com/articles/CBMiI2h0dHBzOi8vZXllc2NyZWFtLmpwL2N1bHR1cmUvNjg2NjIv0gEnaHR0cHM6Ly9leWVzY3JlYW0uanAvY3VsdHVyZS82ODY2Mi9hbXAv?hl=ja&gl=JP&ceid=JP%3Aja
60,【#BlackLivesMatter】倒された奴隷商人の銅像の代わりに反人種差別の女性の像が置かれた（小林恭子） - Yahoo!ニュース,https://news.google.com/articles/CBMiQWh0dHBzOi8vbmV3cy55YWhvby5jby5qcC9ieWxpbmUva29iYXlhc2hpZ2lua28vMjAyMDA3MTUtMDAxODgyNTEv0gEA?hl=ja&gl=JP&ceid=JP%3Aja
61,Twitter社のBlack Lives Matter屋外広告キャンペーン | AdGang,https://news.google.com/articles/CBMiJWh0dHBzOi8vYWRnYW5nLmpwLzIwMjAvMDcvMTg0MjczLmh0bWzSAQA?hl=ja&gl=JP&ceid=JP%3Aja
62,世界に広がる「BlackLivesMatter」 デモ参加者が訴えたいことは,https://news.google.com/articles/CBMiLWh0dHBzOi8vZm9yYmVzamFwYW4uY29tL2FydGljbGVzL2RldGFpbC8zNDk4MtIBIWh0dHBzOi8vZm9yYmVzamFwYW4uY29tL2FtcC8zNDk4Mg?hl=ja&gl=JP&ceid=JP%3Aja
63,#BlackLivesMatterは国境を越えて。写真に見る、人種差別への抗議デモの瞬間,https://news.google.com/articles/CBMiWWh0dHBzOi8vd3d3LmVsbGUuY29tL2pwL2N1bHR1cmUvY2VsZWJnb3NzaXAvZzMyNzUwMTQ3L2dlb3JnZS1mbG95ZC1wcm90ZXN0LXBob3RvczIwLTA2MDMv0gEA?hl=ja&gl=JP&ceid=JP%3Aja
64,BLACK LIVES MATTER「憎悪の象徴」 トランプ氏、路面スローガンに反対 - 毎日新聞,https://news.google.com/articles/CBMiOWh0dHBzOi8vbWFpbmljaGkuanAvYXJ0aWNsZXMvMjAyMDA3MDIvazAwLzAwbS8wMzAvMDE2MDAwY9IBPWh0dHBzOi8vbWFpbmljaGkuanAvYXJ0aWNsZXMvMjAyMDA3MDIvazAwLzAwbS8wMzAvMDE2MDAwYy5hbXA?hl=ja&gl=JP&ceid=JP%3Aja
65,クリス・ポール選手会長、NBAとともに『Black Lives Matter』を掲げ、社会正義の実現を目指す財団を設立,https://news.google.com/articles/CBMiLWh0dHBzOi8vYmFza2V0LWNvdW50LmNvbS9hcnRpY2xlL2RldGFpbC80NjUxONIBAA?hl=ja&gl=JP&ceid=JP%3Aja
66,「Black Lives Matter」本でひもとく 身体と人間性の回復を求めて 西崎文子・同志社大学教授｜好書好日,https://news.google.com/articles/CAIiEIKoWEHsH-OtnxrhYZH08MIqGQgEKhAIACoHCAow4qCXCzCFya4DMLPSywY?hl=ja&gl=JP&ceid=JP%3Aja
67,スティーヴィー・ワンダー、 Black Lives Matter動画でトランプ米大統領とレイシズムを批判（Billboard JAPAN）,https://news.google.com/articles/CBMiSmh0dHBzOi8vbmV3cy55YWhvby5jby5qcC9hcnRpY2xlcy83ZjBmNjZmNGJlNTcyYjM2MzNlY2RjOGQ4NDg4MThlZTQzYTZkM2Zk0gEA?hl=ja&gl=JP&ceid=JP%3Aja
68,【BLACK LIVES MATTER】黒人男性の銃撃事件を受けて NBA がプレイオフを中止、実はそのままシーズン終了しそうだった!?,https://news.google.com/articles/CBMiPmh0dHBzOi8vaWZseWVyLnR2L2FydGljbGUvMjAyMC8wOC8zMC9uYmEtcGxheW9mZnMtcmVzdW1lLTIwMjAv0gFCaHR0cHM6Ly9pZmx5ZXIudHYvYXJ0aWNsZS8yMDIwLzA4LzMwL25iYS1wbGF5b2Zmcy1yZXN1bWUtMjAyMC9hbXAv?hl=ja&gl=JP&ceid=JP%3Aja
69,アップル「マップ」、ホワイトハウス前の黄色い巨大文字「Black Lives Matter」反映,https://news.google.com/articles/CBMiKGh0dHBzOi8vamFwYW4uY25ldC5jb20vYXJ0aWNsZS8zNTE1NDk4OC_SASxodHRwczovL2phcGFuLmNuZXQuY29tL2FtcC9hcnRpY2xlLzM1MTU0OTg4Lw?hl=ja&gl=JP&ceid=JP%3Aja
70,「＃BLM」「＃BlackLivesMatter」広がる賛同の輪 ツイッターやソニー米法人も,https://news.google.com/articles/CAIiECbW-yyb07FMj_C4OhjzREIqGQgEKhAIACoHCAow2ZfeCjC7sdUBMMqtnQM?hl=ja&gl=JP&ceid=JP%3Aja
71,ジョージ・フロイド（George Floyd）の死とBlack Lives Matter、そして音楽業界で広がる〈The Show Must Be Paused〉および〈Blackout Tuesday〉について,https://news.google.com/articles/CBMiKGh0dHBzOi8vbWlraWtpLnRva3lvLmpwL2FydGljbGVzLy0vMjUyOTDSAQA?hl=ja&gl=JP&ceid=JP%3Aja
72,テイラー・スウィフト、Black Lives Matter運動への連帯を表明 | Daily News,https://news.google.com/articles/CBMiMmh0dHA6Ly93d3cuYmlsbGJvYXJkLWphcGFuLmNvbS9kX25ld3MvZGV0YWlsLzg4ODk20gEA?hl=ja&gl=JP&ceid=JP%3Aja
73,日本の著名人も「#BlackLivesMatter」SNSで抗議広がる 米黒人男性死亡 - 毎日新聞,https://news.google.com/articles/CBMiOWh0dHBzOi8vbWFpbmljaGkuanAvYXJ0aWNsZXMvMjAyMDA2MDUvazAwLzAwbS8wNDAvMjA2MDAwY9IBPWh0dHBzOi8vbWFpbmljaGkuanAvYXJ0aWNsZXMvMjAyMDA2MDUvazAwLzAwbS8wNDAvMjA2MDAwYy5hbXA?hl=ja&gl=JP&ceid=JP%3Aja
74,特集：Black Lives Matter,https://news.google.com/articles/CBMiMGh0dHBzOi8vd3d3Lm5ld3N3ZWVramFwYW4uanAvbWFnYXppbmUvMjgyMjA0LnBocNIBNGh0dHBzOi8vd3d3Lm5ld3N3ZWVramFwYW4uanAvYW1wL21hZ2F6aW5lLzI4MjIwNC5waHA?hl=ja&gl=JP&ceid=JP%3Aja
75,アダム・ランバート、 “美しかった”Black Lives Matter平和的抗議集会に参加した体験を語る | Daily News,https://news.google.com/articles/CBMiMmh0dHA6Ly93d3cuYmlsbGJvYXJkLWphcGFuLmNvbS9kX25ld3MvZGV0YWlsLzg4OTUx0gEA?hl=ja&gl=JP&ceid=JP%3Aja
76,ジョージ・フロイドさん、そして #BlackLivesMatter を支援するさまざまな方法,https://news.google.com/articles/CBMiVGh0dHBzOi8vd3d3LmVzcXVpcmUuY29tL2pwL25ld3MvYTMyNzM4OTM3L2hvdy15b3UtY2FuLXRha2UtYS1zdGFuZC1mb3ItZ2VvcmdlLWZsb3lkL9IBAA?hl=ja&gl=JP&ceid=JP%3Aja
77,Black Lives Matter Protest in London,https://news.google.com/articles/CBMiMGh0dHA6Ly93d3cuZWxlLWtpbmcubmV0L2NvbHVtbnMvcG9saXRpY3MvMDA3NjU0L9IBAA?hl=ja&gl=JP&ceid=JP%3Aja
78,Netflixに「#BlackLivesMatter」運動を支援する特設ページが登場,https://news.google.com/articles/CBMiXGh0dHBzOi8vd3d3LmVsbGUuY29tL2pwL2N1bHR1cmUvbW92aWUtdHYvYTMyODQ5MDU0L25ldGZsaXgtYmxhY2tsaXZlc21hdHRlci1saXN0LTIwMDYxMi1obnMv0gFeaHR0cHM6Ly93d3cuZWxsZS5jb20vanAvY3VsdHVyZS9tb3ZpZS10di9hbXAzMjg0OTA1NC9uZXRmbGl4LWJsYWNrbGl2ZXNtYXR0ZXItbGlzdC0yMDA2MTItaG5zLw?hl=ja&gl=JP&ceid=JP%3Aja
79,黒人コミュニティーの正義と平等を求めた「Black Lives Matter」運動をあらためて考える,https://news.google.com/articles/CBMiJGh0dHBzOi8vdG9yamEuY2EvYmxhY2stbGl2ZXMtbWF0dGVyL9IBAA?hl=ja&gl=JP&ceid=JP%3Aja
80,【コラム】Black Lives Matterが映し出すもの - NonameとJ. Coleについて -,https://news.google.com/articles/CBMiImh0dHBzOi8vZm5tbmwudHYvMjAyMC8wNi8yNS8xMDAxNDjSASZodHRwczovL2ZubW5sLnR2LzIwMjAvMDYvMjUvMTAwMTQ4L2FtcA?hl=ja&gl=JP&ceid=JP%3Aja
81,プレミアリーグ、ユニホームに「black lives matter」認める 米黒人男性暴行死 - 毎日新聞,https://news.google.com/articles/CBMiOWh0dHBzOi8vbWFpbmljaGkuanAvYXJ0aWNsZXMvMjAyMDA2MTMvazAwLzAwbS8wNTAvMDUwMDAwY9IBPWh0dHBzOi8vbWFpbmljaGkuanAvYXJ0aWNsZXMvMjAyMDA2MTMvazAwLzAwbS8wNTAvMDUwMDAwYy5hbXA?hl=ja&gl=JP&ceid=JP%3Aja
82,映画「メイキング・オブ・モータウン」をBlack Lives Matterの時代に観るべき理由とは?,https://news.google.com/articles/CBMiKGh0dHBzOi8vbWlraWtpLnRva3lvLmpwL2FydGljbGVzLy0vMjYxODXSAQA?hl=ja&gl=JP&ceid=JP%3Aja
83,Black Lives Matter -黒人の生命も尊い!- | OK!J 限定記事 | セレブリティーライフスタイル「OK!」マガジンの日本公式WEBマガジン「OK!JAPAN」,https://news.google.com/articles/CBMiN2h0dHA6Ly93d3cub2tqYXBhbi5qcC9saW1pdGVkLzIwMjAvMDcvbGltaXRlZF80NzQuc2h0bWzSAQA?hl=ja&gl=JP&ceid=JP%3Aja
84,人種差別に抗議、ワシントンで数万人が平和的デモ NFLは方針転換,https://news.google.com/articles/CBMiJWh0dHBzOi8vd3d3LmJiYy5jb20vamFwYW5lc2UvNTI5NTI3NzLSASlodHRwczovL3d3dy5iYmMuY29tL2phcGFuZXNlLzUyOTUyNzcyLmFtcA?hl=ja&gl=JP&ceid=JP%3Aja
85,ジャスティン・ビーバーはなぜ「Black Lives Matter」を叫び続けるのか？本人がその理由を説明,https://news.google.com/articles/CBMiIWh0dHBzOi8vZnJvbnQtcm93LmpwL19jdC8xNzQwMzcyOdIBAA?hl=ja&gl=JP&ceid=JP%3Aja
86,ジャネット・ジャクソン、Black Lives Matter運動を支持するメッセージを投稿 | Daily News,https://news.google.com/articles/CBMiMmh0dHA6Ly93d3cuYmlsbGJvYXJkLWphcGFuLmNvbS9kX25ld3MvZGV0YWlsLzg4ODIw0gEA?hl=ja&gl=JP&ceid=JP%3Aja
87,ノリス、『Black Lives Matter』支持でSNSのフォロワー減少も「正しいことを信じるよう示すことができた」,https://news.google.com/articles/CBMiH2h0dHBzOi8vd3d3LmFzLXdlYi5qcC9mMS81OTEzNzbSASNodHRwczovL3d3dy5hcy13ZWIuanAvZjEvNTkxMzc2L2FtcA?hl=ja&gl=JP&ceid=JP%3Aja
88,Black Lives Matterムーブメントに伴い寄付を受けていた「Black Lives Matter Foundation」が運動とは無関係の団体だったことが判明,https://news.google.com/articles/CBMiIWh0dHBzOi8vZm5tbmwudHYvMjAyMC8wNi8xNy85OTUwOdIBJWh0dHBzOi8vZm5tbmwudHYvMjAyMC8wNi8xNy85OTUwOS9hbXA?hl=ja&gl=JP&ceid=JP%3Aja
89,デモ、暴動、正義。BLMに賛同し政治化するポップスターたちの訴え。（HARBOR BUSINESS Online）,https://news.google.com/articles/CBMiSmh0dHBzOi8vbmV3cy55YWhvby5jby5qcC9hcnRpY2xlcy8wZGU1MTNiMDYxMWYyNjlhYTY3NTA0ZThhZjg4NDA0ZDkwMDU2YThk0gEA?hl=ja&gl=JP&ceid=JP%3Aja
90,村上隆が Black Lives Matter 運動を支援する作品を発表,https://news.google.com/articles/CBMiYGh0dHBzOi8vaHlwZWJlYXN0LmNvbS9qcC8yMDIwLzYvdGFrYXNoaS1tdXJha2FtaS1saW1pdGVkLWVkaXRpb24tcHJpbnRzLWJsYWNrLWxpdmVzLW1hdHRlci1udHdya9IBZmh0dHBzOi8vaHlwZWJlYXN0LmNvbS9qcC8yMDIwLzYvdGFrYXNoaS1tdXJha2FtaS1saW1pdGVkLWVkaXRpb24tcHJpbnRzLWJsYWNrLWxpdmVzLW1hdHRlci1udHdyaz9hbXA9MQ?hl=ja&gl=JP&ceid=JP%3Aja
91,ソニー、ゲーム公開イベントを延期 #BlackLivesMatter掲げ抗議活動に連帯,https://news.google.com/articles/CAIiEDbBlFfp4x5hAPkO-qO9Ge8qGQgEKhAIACoHCAowkJuJCzCNvYgDMOXynwY?hl=ja&gl=JP&ceid=JP%3Aja
92,ウォルマート、批判に応えて「All Lives Matter」商品の販売を停止,https://news.google.com/articles/CBMiLWh0dHBzOi8vZm9yYmVzamFwYW4uY29tL2FydGljbGVzL2RldGFpbC8zNTY0NdIBIWh0dHBzOi8vZm9yYmVzamFwYW4uY29tL2FtcC8zNTY0NQ?hl=ja&gl=JP&ceid=JP%3Aja
93,暴力反対の声に反し、拡散始めたブラック・ライブズ・マターの本質,https://news.google.com/articles/CBMiPGh0dHBzOi8vYnVzaW5lc3Mubmlra2VpLmNvbS9hdGNsL3NlbWluYXIvMTkvMDAwNTcvMDkwOTAwMDQ4L9IBAA?hl=ja&gl=JP&ceid=JP%3Aja
94,じわじわと広がる「BLM」運動による変化―「差別のひどさを知らなかった」と英白人知識人（小林恭子） - Yahoo!ニュース,https://news.google.com/articles/CBMiQWh0dHBzOi8vbmV3cy55YWhvby5jby5qcC9ieWxpbmUva29iYXlhc2hpZ2lua28vMjAyMDA5MTgtMDAxOTY1MzAv0gEA?hl=ja&gl=JP&ceid=JP%3Aja
95,Banksy が Black Lives Matter 運動に向けた作品を公開,https://news.google.com/articles/CBMiQmh0dHBzOi8vaHlwZWJlYXN0LmNvbS9qcC8yMDIwLzYvYmFua3N5LWJsYWNrLWxpdmVzLW1hdHRlci1wYWludGluZ9IBSGh0dHBzOi8vaHlwZWJlYXN0LmNvbS9qcC8yMDIwLzYvYmFua3N5LWJsYWNrLWxpdmVzLW1hdHRlci1wYWludGluZz9hbXA9MQ?hl=ja&gl=JP&ceid=JP%3Aja
96,スパイク・リーはなぜ席を立ったのか。アメリカの黒人差別を理解する上で見るべき映画,https://news.google.com/articles/CAIiEOxdjFt8ZQPh5hAAF6AaZ54qGQgEKhAIACoHCAow6_-DCzCroIADMLWLhgY?hl=ja&gl=JP&ceid=JP%3Aja
97,メーガン妃、母校の卒業生へのビデオメッセージで#BlackLivesMatterを語る。,https://news.google.com/articles/CBMiXGh0dHBzOi8vd3d3LnZvZ3VlLmNvLmpwL2NlbGVicml0eS9hcnRpY2xlL21lZ2hhbi1tYXJrbGUtc3VwcG9ydHMtYmxhY2stbGl2ZXMtbWF0dGVyLW1vdmVtZW500gFgaHR0cHM6Ly93d3cudm9ndWUuY28uanAvY2VsZWJyaXR5L2FydGljbGUvbWVnaGFuLW1hcmtsZS1zdXBwb3J0cy1ibGFjay1saXZlcy1tYXR0ZXItbW92ZW1lbnQ_YW1w?hl=ja&gl=JP&ceid=JP%3Aja
98,日本人写真家の作品購入でBlack Lives Matterを支援。「Japanese Photographers 4 Black Lives Matter」に志賀理江子やホンマタカシら参加（美術手帖）,https://news.google.com/articles/CBMiSmh0dHBzOi8vbmV3cy55YWhvby5jby5qcC9hcnRpY2xlcy82M2E0NGQ1ZjM4N2I4OTViOTMyYjEyNTY2NDkwMWIwZGE4Nzk5YjU00gEA?hl=ja&gl=JP&ceid=JP%3Aja
99,その情報は本当に必要か? “Black Lives Matter”が顔認証に問う課題,https://news.google.com/articles/CAIiEE-IubROuT4Yuhk_jmDUFW4qGQgEKhAIACoHCAow7Z2TCzCN26gDMNyzvwY?hl=ja&gl=JP&ceid=JP%3Aja
